{
  "model": "meta-llama/Llama-Prompt-Guard-2-86M",
  "n": 662,
  "malicious": 263,
  "benign": 399,
  "skipped_or_errored": 0,
  "edge_only": {
    "tp": 6,
    "fp": 0,
    "fn": 257,
    "tn": 399,
    "recall": [
      0.022813688212927757,
      0.010496687312282614,
      0.048869870239911024
    ],
    "fpr": [
      0.0,
      0.0,
      0.009535907336165543
    ],
    "precision": 1.0
  },
  "classifier_only": {
    "tp": 60,
    "fp": 1,
    "fn": 203,
    "tn": 398,
    "recall": [
      0.22813688212927757,
      0.18154992449389853,
      0.2825513413625306
    ],
    "fpr": [
      0.002506265664160401,
      0.00044255451501273944,
      0.01405808511520711
    ],
    "precision": 0.9836065573770492
  },
  "full_system": {
    "tp": 60,
    "fp": 1,
    "fn": 203,
    "tn": 398,
    "recall": [
      0.22813688212927757,
      0.18154992449389853,
      0.2825513413625306
    ],
    "fpr": [
      0.002506265664160401,
      0.00044255451501273944,
      0.01405808511520711
    ],
    "precision": 0.9836065573770492
  }
}