{
  "model": "protectai/deberta-v3-base-prompt-injection-v2",
  "n": 662,
  "malicious": 263,
  "benign": 399,
  "edge_only": {
    "tp": 6,
    "fp": 0,
    "fn": 257,
    "tn": 399,
    "recall": [
      0.022813688212927757,
      0.010496687312282614,
      0.048869870239911024
    ],
    "fpr": [
      0.0,
      0.0,
      0.009535907336165543
    ],
    "precision": 1.0
  },
  "classifier_only": {
    "tp": 109,
    "fp": 4,
    "fn": 154,
    "tn": 395,
    "recall": [
      0.4144486692015209,
      0.35656038725689915,
      0.4748001509496694
    ],
    "fpr": [
      0.010025062656641603,
      0.003905263756058661,
      0.02548957275632411
    ],
    "precision": 0.9646017699115044
  },
  "full_system": {
    "tp": 109,
    "fp": 4,
    "fn": 154,
    "tn": 395,
    "recall": [
      0.4144486692015209,
      0.35656038725689915,
      0.4748001509496694
    ],
    "fpr": [
      0.010025062656641603,
      0.003905263756058661,
      0.02548957275632411
    ],
    "precision": 0.9646017699115044
  },
  "note": "full-system positive = edge hard-reject OR classifier malicious"
}