{
  "pg2_model": "meta-llama/Llama-Prompt-Guard-2-86M",
  "nemo_model": "nvidia/NemoGuard-JailbreakDetect",
  "n": 662,
  "malicious": 263,
  "benign": 399,
  "nemoguard_only@0.5": {
    "tp": 0,
    "fp": 0,
    "fn": 263,
    "tn": 399,
    "recall": [
      0.0,
      8.673617379884035e-19,
      0.014396034407278588
    ],
    "fpr": [
      0.0,
      0.0,
      0.009535907336165543
    ],
    "precision": NaN
  },
  "sweep": [
    {
      "t": 0.1,
      "edge_pg2": {
        "tp": 70,
        "fp": 2,
        "fn": 193,
        "tn": 397,
        "recall": [
          0.2661596958174905,
          0.21639277077310304,
          0.32265936699151776
        ],
        "fpr": [
          0.005012531328320802,
          0.001375694884188811,
          0.018089677040085343
        ],
        "precision": 0.9722222222222222
      },
      "ensemble": {
        "tp": 70,
        "fp": 2,
        "fn": 193,
        "tn": 397,
        "recall": [
          0.2661596958174905,
          0.21639277077310304,
          0.32265936699151776
        ],
        "fpr": [
          0.005012531328320802,
          0.001375694884188811,
          0.018089677040085343
        ],
        "precision": 0.9722222222222222
      }
    },
    {
      "t": 0.2,
      "edge_pg2": {
        "tp": 65,
        "fp": 1,
        "fn": 198,
        "tn": 398,
        "recall": [
          0.24714828897338403,
          0.19890518634324633,
          0.3026715154672786
        ],
        "fpr": [
          0.002506265664160401,
          0.00044255451501273944,
          0.01405808511520711
        ],
        "precision": 0.9848484848484849
      },
      "ensemble": {
        "tp": 65,
        "fp": 1,
        "fn": 198,
        "tn": 398,
        "recall": [
          0.24714828897338403,
          0.19890518634324633,
          0.3026715154672786
        ],
        "fpr": [
          0.002506265664160401,
          0.00044255451501273944,
          0.01405808511520711
        ],
        "precision": 0.9848484848484849
      }
    },
    {
      "t": 0.3,
      "edge_pg2": {
        "tp": 63,
        "fp": 1,
        "fn": 200,
        "tn": 398,
        "recall": [
          0.23954372623574144,
          0.19194662728047884,
          0.29463990014840774
        ],
        "fpr": [
          0.002506265664160401,
          0.00044255451501273944,
          0.01405808511520711
        ],
        "precision": 0.984375
      },
      "ensemble": {
        "tp": 63,
        "fp": 1,
        "fn": 200,
        "tn": 398,
        "recall": [
          0.23954372623574144,
          0.19194662728047884,
          0.29463990014840774
        ],
        "fpr": [
          0.002506265664160401,
          0.00044255451501273944,
          0.01405808511520711
        ],
        "precision": 0.984375
      }
    },
    {
      "t": 0.4,
      "edge_pg2": {
        "tp": 62,
        "fp": 1,
        "fn": 201,
        "tn": 398,
        "recall": [
          0.23574144486692014,
          0.1884754858278007,
          0.2906159544102667
        ],
        "fpr": [
          0.002506265664160401,
          0.00044255451501273944,
          0.01405808511520711
        ],
        "precision": 0.9841269841269841
      },
      "ensemble": {
        "tp": 62,
        "fp": 1,
        "fn": 201,
        "tn": 398,
        "recall": [
          0.23574144486692014,
          0.1884754858278007,
          0.2906159544102667
        ],
        "fpr": [
          0.002506265664160401,
          0.00044255451501273944,
          0.01405808511520711
        ],
        "precision": 0.9841269841269841
      }
    },
    {
      "t": 0.5,
      "edge_pg2": {
        "tp": 60,
        "fp": 1,
        "fn": 203,
        "tn": 398,
        "recall": [
          0.22813688212927757,
          0.18154992449389853,
          0.2825513413625306
        ],
        "fpr": [
          0.002506265664160401,
          0.00044255451501273944,
          0.01405808511520711
        ],
        "precision": 0.9836065573770492
      },
      "ensemble": {
        "tp": 60,
        "fp": 1,
        "fn": 203,
        "tn": 398,
        "recall": [
          0.22813688212927757,
          0.18154992449389853,
          0.2825513413625306
        ],
        "fpr": [
          0.002506265664160401,
          0.00044255451501273944,
          0.01405808511520711
        ],
        "precision": 0.9836065573770492
      }
    },
    {
      "t": 0.6,
      "edge_pg2": {
        "tp": 58,
        "fp": 1,
        "fn": 205,
        "tn": 398,
        "recall": [
          0.22053231939163498,
          0.17464729775535587,
          0.27446379371943486
        ],
        "fpr": [
          0.002506265664160401,
          0.00044255451501273944,
          0.01405808511520711
        ],
        "precision": 0.9830508474576272
      },
      "ensemble": {
        "tp": 58,
        "fp": 1,
        "fn": 205,
        "tn": 398,
        "recall": [
          0.22053231939163498,
          0.17464729775535587,
          0.27446379371943486
        ],
        "fpr": [
          0.002506265664160401,
          0.00044255451501273944,
          0.01405808511520711
        ],
        "precision": 0.9830508474576272
      }
    },
    {
      "t": 0.7,
      "edge_pg2": {
        "tp": 57,
        "fp": 1,
        "fn": 206,
        "tn": 398,
        "recall": [
          0.21673003802281368,
          0.17120484042627757,
          0.2704111638576939
        ],
        "fpr": [
          0.002506265664160401,
          0.00044255451501273944,
          0.01405808511520711
        ],
        "precision": 0.9827586206896551
      },
      "ensemble": {
        "tp": 57,
        "fp": 1,
        "fn": 206,
        "tn": 398,
        "recall": [
          0.21673003802281368,
          0.17120484042627757,
          0.2704111638576939
        ],
        "fpr": [
          0.002506265664160401,
          0.00044255451501273944,
          0.01405808511520711
        ],
        "precision": 0.9827586206896551
      }
    },
    {
      "t": 0.8,
      "edge_pg2": {
        "tp": 56,
        "fp": 1,
        "fn": 207,
        "tn": 398,
        "recall": [
          0.21292775665399238,
          0.16776843258528812,
          0.26635248450786425
        ],
        "fpr": [
          0.002506265664160401,
          0.00044255451501273944,
          0.01405808511520711
        ],
        "precision": 0.9824561403508771
      },
      "ensemble": {
        "tp": 56,
        "fp": 1,
        "fn": 207,
        "tn": 398,
        "recall": [
          0.21292775665399238,
          0.16776843258528812,
          0.26635248450786425
        ],
        "fpr": [
          0.002506265664160401,
          0.00044255451501273944,
          0.01405808511520711
        ],
        "precision": 0.9824561403508771
      }
    },
    {
      "t": 0.9,
      "edge_pg2": {
        "tp": 54,
        "fp": 1,
        "fn": 209,
        "tn": 398,
        "recall": [
          0.20532319391634982,
          0.1609142318771956,
          0.2582165108343184
        ],
        "fpr": [
          0.002506265664160401,
          0.00044255451501273944,
          0.01405808511520711
        ],
        "precision": 0.9818181818181818
      },
      "ensemble": {
        "tp": 54,
        "fp": 1,
        "fn": 209,
        "tn": 398,
        "recall": [
          0.20532319391634982,
          0.1609142318771956,
          0.2582165108343184
        ],
        "fpr": [
          0.002506265664160401,
          0.00044255451501273944,
          0.01405808511520711
        ],
        "precision": 0.9818181818181818
      }
    }
  ],
  "provenance": "deepset/prompt-injections (Hugging Face), Apache 2.0. Fetched via datasets-server. train=546, test=116, total=662. label: 1=injection, 0=legit."
}